﻿<?xml version="1.0" encoding="utf-8"?><Search><pages Count="4"><page Index="1"><![CDATA[SERI PEMBELAJARAN

                                                                                                                                    “SIFAT-SIFAT

                                                                                                                                        MATERI”



                                                                                                                                    UNTUK SISWA KELAS IV
                                                                                                                             SDN SUKABUMI 2
                  SAMSUL BADRUS SALEH]]></page><page Index="2"><![CDATA[Assalamualaikum wr wb Generasi
               Juara Semangat pagi anak-anak kelas                                                          Siswa dapat memahami transformasi

               4 Tetap semangat dalam belajar ya                                                            energi dalam kehidupan sehari-hari.

                 ☺️➡️
                                                                                                            Siswa dapat membuat simulasi
               Untuk agenda pembelajaran hari ini,                                                          transformasi energi menggunakan alat

               Jumat, 5 November 2021 yaitu:                                                                bantu sederhana dalam kehidupan

                                                                                                            sehari-hari.

                                                      Berdoa sebelum belajar






               Sholat Dhuha bagi yang beragama
               Islam



                                             Mempelajari materi pada

                                             Buku Digital ini.



                          Belajar terus, terus belajar   

                        Salam sehatWassalamu'alaikum wr wb]]></page><page Index="3"><![CDATA[Perhatikan video berikut !                                                       • Setelah                 menyaksikan                    video

                                                                                                            perubahan energi, Tuliskan lima (5)

                                                                                                            perubahan Energi yang kalian jumpai

                                                                                                            dalam video!

                                                                                                        • Tuliskan            pula        perubahan             energi

                                                                                                            sejenis yang sering jumpai di rumah

                                                                                                            kalian!

                                                                                                        • Tuliskan jawaban kalian pada pada

                                                                                                            link google form berikut :








                                                                                                                          https://forms.gle/1W36GFNuKF

                                                                                                                                            srJPem7]]></page><page Index="4"><![CDATA[]]></page></pages></Search>